1,101,2024-11-05
2,102,2024-11-06
3,103,2024-11-07
4,104,2024-11-08
1,105,2024-11-09
2,106,2024-11-10
3,107,2024-11-11
4,108,2024-11-12
1,109,2024-11-13
2,110,2024-11-14
3,111,2024-11-15
4,112,2024-11-16
5,113,2024-11-17
6,114,2024-11-18
7,115,2024-11-19
8,116,2024-11-20
5,117,2024-11-21
6,118,2024-11-22
7,119,2024-11-23
8,120,2024-11-24
5,121,2024-11-25
6,122,2024-11-26
7,123,2024-11-27
8,124,2024-11-28
1,125,2024-11-29
2,126,2024-11-30
3,127,2024-12-01
4,128,2024-12-02
5,129,2024-12-03
6,130,2024-12-04
